conditions,cond_str,rebalance_days,top_n,total_ret,annual_ret,sharpe,sortino,win_rate,max_drawdown,n_trades,avg_ret
"[('vol_ratio', '>', 0.8)]",vol_ratio > 0.8,5,10,38304507011.08168,21.372693936112736,11.705958470752769,0.0,1.0,0.0,72,0.4240613876212845
"[('volatility', '>', 0.03)]",volatility > 0.03,5,10,39541659087.69048,21.535186532474885,11.21143057594554,970.6262450832178,0.9722222222222222,-0.02195580061574831,72,0.4272854470729144
"[('vol_ratio', '>', 0.8)]",vol_ratio > 0.8,5,20,354717212.6676309,16.63900286158766,11.020752062224323,0.0,0.9861111111111112,0.0,72,0.3301389456664218
"[('vol_ratio_5', '>', 1.0)]",vol_ratio_5 > 1.0,5,10,1947119512.283702,18.35978973814649,10.932212988340297,0.0,1.0,0.0,72,0.36428154242354144
"[('vol_ratio', '>', 0.8), ('vol_ratio_5', '>', 1.0)]",vol_ratio > 0.8 AND vol_ratio_5 > 1.0,5,10,1073224413.4787098,17.79095735358089,10.7384697151952,0.0,0.9861111111111112,0.0,72,0.35299518558692244
"[('vol_ratio', '>', 0.8), ('vol_ratio', '>', 1.0)]",vol_ratio > 0.8 AND vol_ratio > 1.0,5,10,2125662023.3880565,18.521455280343705,10.618777536855845,0.0,0.9861111111111112,0.0,72,0.3674891920703116
"[('vol_ratio', '>', 1.0)]",vol_ratio > 1.0,5,10,2125662023.3880565,18.521455280343705,10.618777536855845,0.0,0.9861111111111112,0.0,72,0.3674891920703116
"[('volatility', '>', 0.03)]",volatility > 0.03,5,20,227276508.08907047,16.349795597325933,10.31513065897659,67.47782795430187,0.9583333333333334,-0.1460232470256254,72,0.3244007062961495
"[('vol_ratio', '>', 0.8)]",vol_ratio > 0.8,5,30,25556079.892697413,14.159926909989771,10.223450735492777,0.0,0.9861111111111112,0.0,72,0.2809509307537653
"[('vol_ratio_5', '>', 1.0)]",vol_ratio_5 > 1.0,5,20,20183446.881025452,13.934102102571341,10.172225759334761,0.0,0.9861111111111112,0.0,72,0.27647027981292344
"[('vol_ratio', '>', 0.8), ('volatility', '>', 0.03)]",vol_ratio > 0.8 AND volatility > 0.03,5,10,709442984.9927769,17.525024427098867,10.169069237069724,81.07798998409828,0.9583333333333334,-0.0602332093718605,72,0.347718738632914
"[('vol_ratio', '>', 0.8), ('vol_ratio_5', '>', 1.0)]",vol_ratio > 0.8 AND vol_ratio_5 > 1.0,5,20,10596042.399339676,13.369108444172914,9.792529531941229,0.0,0.9861111111111112,0.0,72,0.26526008817803404
"[('vol_ratio', '>', 1.0)]",vol_ratio > 1.0,5,20,20239538.860918038,14.019065675310456,9.65465162351761,0.0,0.9861111111111112,0.0,72,0.27815606498631856
"[('vol_ratio', '>', 0.8), ('vol_ratio', '>', 1.0)]",vol_ratio > 0.8 AND vol_ratio > 1.0,5,20,20239538.860918038,14.019065675310456,9.65465162351761,0.0,0.9861111111111112,0.0,72,0.27815606498631856
"[('volatility', '>', 0.03)]",volatility > 0.03,5,30,12129654.104335606,13.610347854223443,9.437160437500989,48.9233384751821,0.9583333333333334,-0.22930617560415667,72,0.2700465844091953
"[('vol_ratio_5', '>', 1.0)]",vol_ratio_5 > 1.0,5,30,1518236.0448322422,11.598600726772492,9.274777742028162,57.120582765619815,0.9722222222222222,-0.003511871317651627,72,0.23013096680104153
"[('bb_position', '<', 0.5)]",bb_position < 0.5,5,10,409944590.14537543,17.387999892289525,9.25064129010632,5831.424473905339,0.971830985915493,-0.02732096254296479,71,0.3449999978628874
"[('vol_ratio', '>', 0.8), ('vol_ratio_5', '>', 1.0)]",vol_ratio > 0.8 AND vol_ratio_5 > 1.0,5,30,770404.9152231341,11.028639307364037,8.810112143683748,41.256343464496155,0.9722222222222222,-0.00841235782804528,72,0.21882220847944517
"[('vol_ratio', '>', 1.0)]",vol_ratio > 1.0,5,30,1337167.207888037,11.572326135681967,8.660348099948012,40.8424167198896,0.9722222222222222,-0.011653397578007318,72,0.22960964554924537
"[('vol_ratio', '>', 0.8), ('vol_ratio', '>', 1.0)]",vol_ratio > 0.8 AND vol_ratio > 1.0,5,30,1337167.207888037,11.572326135681967,8.660348099948012,40.8424167198896,0.9722222222222222,-0.011653397578007318,72,0.22960964554924537
"[('vol_ratio', '>', 0.8), ('volatility', '>', 0.03)]",vol_ratio > 0.8 AND volatility > 0.03,5,20,4241135.807801588,12.727148655194298,8.647465687440068,29.502298280885693,0.9444444444444444,-0.21441685827246093,72,0.25252279077766465
"[('bb_position', '<', 0.5)]",bb_position < 0.5,5,20,10178026.877162892,13.763779530995752,8.505802717677227,103.57966348705993,0.9295774647887324,-0.03768652738385436,71,0.27309086371023317
"[('vol_ratio', '>', 0.8)]",vol_ratio > 0.8,10,10,162319.5019160282,10.483281183592544,8.393372531467364,0.0,1.0,0.0,36,0.41600322157113273
"[('volatility', '>', 0.03)]",volatility > 0.03,10,10,149384.72970562783,10.432907050763967,8.279947473871882,0.0,0.9722222222222222,0.0,36,0.4140042480461892
"[('vol_ratio_5', '>', 1.0)]",vol_ratio_5 > 1.0,15,10,817.9524333323299,5.588673596669501,8.125934750884142,0.0,1.0,0.0,24,0.3326591426588989
"[('vol_ratio', '>', 0.8)]",vol_ratio > 0.8,10,20,15810.652759403982,8.128782615923118,8.044035298975977,0.0,0.9722222222222222,0.0,36,0.3225707387271079
"[('vol_ratio', '>', 0.8), ('vol_ratio', '>', 1.0)]",vol_ratio > 0.8 AND vol_ratio > 1.0,10,10,33634.28417939712,8.891353037668472,8.012849375213182,0.0,0.9722222222222222,0.0,36,0.3528314697487489
"[('vol_ratio', '>', 1.0)]",vol_ratio > 1.0,10,10,33634.28417939712,8.891353037668472,8.012849375213182,0.0,0.9722222222222222,0.0,36,0.3528314697487489
"[('bb_position', '<', 0.5)]",bb_position < 0.5,5,30,1149989.6077326527,11.747223670994408,7.849173616669212,70.48242894661135,0.9295774647887324,-0.0924691094433947,71,0.23307983474195257
"[('volatility', '>', 0.03)]",volatility > 0.03,10,20,11983.365156957638,7.914886307933487,7.688069766764746,50.151213775899045,0.9444444444444444,-0.03546763781114359,36,0.3140827899973606
"[('vol_ratio', '>', 0.8), ('vol_ratio_5', '>', 1.0)]",vol_ratio > 0.8 AND vol_ratio_5 > 1.0,15,10,671.0120996728781,5.416812839098886,7.681662329950377,0.0,0.9583333333333334,0.0,24,0.32242933566064796
"[('vol_ratio', '>', 0.8)]",vol_ratio > 0.8,15,10,2011.2190707641248,6.517723452166711,7.674820573120377,0.0,1.0,0.0,24,0.38795972929563755
"[('vol_ratio', '>', 0.8)]",vol_ratio > 0.8,10,30,4297.898783017663,6.901620157050665,7.567189819488546,0.0,0.9722222222222222,0.0,36,0.2738738157559788
"[('vol_ratio_5', '>', 1.0)]",vol_ratio_5 > 1.0,10,10,37913.13942051723,9.056405268926694,7.5258683532026485,0.0,1.0,0.0,36,0.359381161465345
"[('vol_ratio', '>', 0.8), ('volatility', '>', 0.03)]",vol_ratio > 0.8 AND volatility > 0.03,5,30,207543.18298096213,10.091988799404895,7.397414524639152,17.067547865536824,0.9027777777777778,-0.29690153578348555,72,0.20023787300406537
"[('vol_ratio', '>', 0.8), ('vol_ratio_5', '>', 1.0)]",vol_ratio > 0.8 AND vol_ratio_5 > 1.0,10,10,30431.438682327152,8.862522888322378,7.305048229839882,0.0,0.9722222222222222,0.0,36,0.351687416203269
"[('vol_ratio', '>', 1.0)]",vol_ratio > 1.0,10,20,3392.377380132413,6.707120178975554,7.2317781439742115,0.0,0.9722222222222222,0.0,36,0.2661555626577601
"[('vol_ratio', '>', 0.8), ('vol_ratio', '>', 1.0)]",vol_ratio > 0.8 AND vol_ratio > 1.0,10,20,3392.377380132413,6.707120178975554,7.2317781439742115,0.0,0.9722222222222222,0.0,36,0.2661555626577601
"[('vol_ratio_5', '>', 1.0)]",vol_ratio_5 > 1.0,15,20,197.73934207591583,4.2804452561990765,7.209264901318193,0.0,0.9583333333333334,0.0,24,0.25478840810708786
"[('vol_ratio', '>', 0.8), ('volatility', '>', 0.03)]",vol_ratio > 0.8 AND volatility > 0.03,10,10,25213.930575186845,8.716016153899963,7.19109765927941,46.91882957096678,0.9444444444444444,-0.01594767428774213,36,0.3458736569007922
"[('volatility', '>', 0.03)]",volatility > 0.03,15,10,2347.819559490379,6.718104460153284,7.190105427928746,0.0,0.9583333333333334,0.0,24,0.39988717024721926
"[('vol_ratio', '>', 1.0)]",vol_ratio > 1.0,15,10,783.8329718024302,5.601400204185344,7.148321133374235,0.0,0.9583333333333334,0.0,24,0.3334166788205562
"[('vol_ratio', '>', 0.8), ('vol_ratio', '>', 1.0)]",vol_ratio > 0.8 AND vol_ratio > 1.0,15,10,783.8329718024302,5.601400204185344,7.148321133374235,0.0,0.9583333333333334,0.0,24,0.3334166788205562
"[('volatility', '>', 0.03)]",volatility > 0.03,10,30,2867.8334336102694,6.589753726499836,7.0389120789147706,40.99354660151967,0.9444444444444444,-0.07388237123715435,36,0.2614981637499935
"[('vol_ratio_5', '>', 1.0)]",vol_ratio_5 > 1.0,10,20,4129.843113224227,6.911391989825784,6.9814047963274,0.0,0.9722222222222222,0.0,36,0.2742615868978486
"[('vol_ratio', '>', 0.8)]",vol_ratio > 0.8,15,20,470.5512048227877,5.112143015006427,6.965967807199662,0.0,0.9583333333333334,0.0,24,0.3042942270837159
"[('vol_ratio', '>', 0.8), ('vol_ratio_5', '>', 1.0)]",vol_ratio > 0.8 AND vol_ratio_5 > 1.0,15,20,160.36929786496188,4.108288111331262,6.733631947135666,0.0,0.9583333333333334,0.0,24,0.24454095900781322
"[('vol_ratio', '>', 0.8), ('vol_ratio_5', '>', 1.0)]",vol_ratio > 0.8 AND vol_ratio_5 > 1.0,10,20,3105.6247305658876,6.6684658992674635,6.697314028980969,0.0,0.9722222222222222,0.0,36,0.2646216626693438
"[('vol_ratio', '>', 0.8)]",vol_ratio > 0.8,20,10,285.2464755109993,4.8442231520167836,6.544127830424682,0.0,1.0,0.0,18,0.38446215492196695
"[('volatility', '>', 0.03)]",volatility > 0.03,20,10,244.95807073802885,4.694948404106499,6.531644160367713,0.0,0.9444444444444444,0.0,18,0.372614952706865
"[('vol_ratio_5', '>', 1.0)]",vol_ratio_5 > 1.0,15,30,86.50556688851243,3.561142590821469,6.4987068014417755,0.0,0.9583333333333334,0.0,24,0.21197277326318267
"[('bb_position', '<', 0.5)]",bb_position < 0.5,10,10,15044.52491304785,8.540565411044398,6.4717281118034276,0.0,0.9714285714285714,0.0,35,0.33891132583509515
"[('vol_ratio', '>', 0.8), ('vol_ratio', '>', 1.0)]",vol_ratio > 0.8 AND vol_ratio > 1.0,10,30,901.89859874779,5.531181378410477,6.442531841969117,0.0,0.9722222222222222,0.0,36,0.21949132454009831
"[('vol_ratio', '>', 1.0)]",vol_ratio > 1.0,10,30,901.89859874779,5.531181378410477,6.442531841969117,0.0,0.9722222222222222,0.0,36,0.21949132454009831
"[('bb_position', '<', 0.5)]",bb_position < 0.5,20,10,57.35778555493759,3.523177523353041,6.4254909827145354,0.0,0.9411764705882353,0.0,17,0.27961726375817786
"[('vol_ratio', '>', 0.8)]",vol_ratio > 0.8,15,30,202.60689723907797,4.341411725829679,6.415719261978673,0.0,0.9583333333333334,0.0,24,0.25841736463271897
"[('volatility', '>', 0.03)]",volatility > 0.03,15,20,446.5618183011074,5.105922728669971,6.403511670817334,0.0,0.9583333333333334,0.0,24,0.3039239719446411
"[('vol_ratio_5', '>', 1.0)]",vol_ratio_5 > 1.0,10,30,1160.8576248855372,5.7647343969792715,6.391564666440478,0.0,0.9722222222222222,0.0,36,0.22875930146743143
"[('vol_ratio', '>', 0.8), ('volatility', '>', 0.03)]",vol_ratio > 0.8 AND volatility > 0.03,15,10,678.6514618013257,5.530374120025299,6.305021847715085,0.0,0.9583333333333334,0.0,24,0.3291889357157916
"[('vol_ratio', '>', 0.8), ('vol_ratio', '>', 1.0)]",vol_ratio > 0.8 AND vol_ratio > 1.0,15,20,184.92006546458953,4.265832147316912,6.264967592588254,0.0,0.9583333333333334,0.0,24,0.25391858019743524
"[('vol_ratio', '>', 1.0)]",vol_ratio > 1.0,15,20,184.92006546458953,4.265832147316912,6.264967592588254,0.0,0.9583333333333334,0.0,24,0.25391858019743524
"[('vol_ratio', '>', 0.8), ('volatility', '>', 0.03)]",vol_ratio > 0.8 AND volatility > 0.03,10,20,1812.508903160677,6.235984967369508,6.223190902401444,31.70883510125618,0.9444444444444444,-0.08440524640051084,36,0.24745972092736146
"[('vol_ratio', '>', 0.8)]",vol_ratio > 0.8,20,20,91.55593107094889,3.7430152819178604,6.144484388050749,0.0,0.9444444444444444,0.0,18,0.2970647049141159
"[('vol_ratio', '>', 0.8), ('vol_ratio_5', '>', 1.0)]",vol_ratio > 0.8 AND vol_ratio_5 > 1.0,10,30,850.0641864173224,5.507370549226392,6.068118375470179,0.0,0.9722222222222222,0.0,36,0.2185464503661267
"[('vol_ratio', '>', 0.8), ('vol_ratio_5', '>', 1.0)]",vol_ratio > 0.8 AND vol_ratio_5 > 1.0,15,30,69.7201321081911,3.389966925885138,6.020995466216745,0.0,0.9583333333333334,0.0,24,0.20178374558840106
"[('bb_position', '<', 0.5)]",bb_position < 0.5,10,20,2407.149311644548,6.714079475061311,6.012058084543568,77.95148754797434,0.9428571428571428,-0.03032455428718206,35,0.2664317252008457
"[('bb_position', '<', 0.5)]",bb_position < 0.5,15,10,347.10406908353036,5.134067204954703,5.962552836218801,0.0,0.9565217391304348,0.0,23,0.3055992383901609
"[('volatility', '>', 0.03)]",volatility > 0.03,20,20,78.9010508150866,3.6246131852422536,5.85359663274869,0.0,0.9444444444444444,0.0,18,0.2876677131144646
"[('volatility', '>', 0.03)]",volatility > 0.03,15,30,169.46275011698037,4.222448792401235,5.795176447016791,0.0,0.9583333333333334,0.0,24,0.25133623764293067
"[('vol_ratio_5', '>', 1.0)]",vol_ratio_5 > 1.0,20,10,145.53982069542073,4.213080542833784,5.76622716128223,0.0,1.0,0.0,18,0.3343714716534749
"[('vol_ratio', '>', 0.8)]",vol_ratio > 0.8,20,30,48.356985095218256,3.167160712531572,5.716027968709898,0.0,0.9444444444444444,0.0,18,0.25136196131202954
"[('vol_ratio', '>', 1.0)]",vol_ratio > 1.0,20,10,131.02040590900205,4.11670606943796,5.648797925696612,0.0,0.9444444444444444,0.0,18,0.3267227039236476
"[('vol_ratio', '>', 0.8), ('vol_ratio', '>', 1.0)]",vol_ratio > 0.8 AND vol_ratio > 1.0,20,10,131.02040590900205,4.11670606943796,5.648797925696612,0.0,0.9444444444444444,0.0,18,0.3267227039236476
"[('bb_position', '<', 0.5)]",bb_position < 0.5,20,20,25.622312023073885,2.7843802895123733,5.600659666143512,0.0,0.9411764705882353,0.0,17,0.22098256265971217
"[('bb_position', '<', 0.5)]",bb_position < 0.5,10,30,824.7761936744671,5.712655360401728,5.570965618026989,70.35903804473087,0.9428571428571428,-0.055556397676083,35,0.2266926730318146
"[('vol_ratio', '>', 0.8), ('vol_ratio', '>', 1.0)]",vol_ratio > 0.8 AND vol_ratio > 1.0,15,30,77.26522946891174,3.5069312434024034,5.552216959146645,0.0,0.9583333333333334,0.0,24,0.20874590734538115
"[('vol_ratio', '>', 1.0)]",vol_ratio > 1.0,15,30,77.26522946891174,3.5069312434024034,5.552216959146645,0.0,0.9583333333333334,0.0,24,0.20874590734538115
"[('vol_ratio', '>', 0.8), ('vol_ratio_5', '>', 1.0)]",vol_ratio > 0.8 AND vol_ratio_5 > 1.0,20,10,128.5711313581313,4.109351967292515,5.508011429145877,0.0,0.9444444444444444,0.0,18,0.32613904502321545
"[('vol_ratio_5', '>', 1.0)]",vol_ratio_5 > 1.0,30,10,26.267233750477384,2.7571680134121848,5.4649867011752935,0.0,1.0,0.0,12,0.32823428731097437
"[('vol_ratio', '>', 0.8), ('volatility', '>', 0.03)]",vol_ratio > 0.8 AND volatility > 0.03,20,10,120.00771591066437,4.053262083582114,5.4464604594204955,0.0,0.9444444444444444,0.0,18,0.32168746695096145
"[('vol_ratio', '>', 0.8), ('volatility', '>', 0.03)]",vol_ratio > 0.8 AND volatility > 0.03,10,30,399.37295011201707,4.916134684444382,5.35449610547135,11.639206738735398,0.8888888888888888,-0.12519909606683477,36,0.1950847097001739
"[('volatility', '>', 0.03)]",volatility > 0.03,20,30,40.45023572994436,3.0361217978393897,5.263666358756605,0.0,0.9444444444444444,0.0,18,0.24096204744757063
"[('bb_position', '<', 0.5)]",bb_position < 0.5,15,20,101.02400989925813,3.9596247962146474,5.256016264535302,40.157121927020654,0.8695652173913043,-0.02333268419994816,23,0.23569195215563377
"[('vol_ratio', '>', 0.8), ('volatility', '>', 0.03)]",vol_ratio > 0.8 AND volatility > 0.03,15,20,127.40631848013462,4.003399254424533,5.213538259374325,0.0,0.9583333333333334,0.0,24,0.23829757466812693
"[('vol_ratio', '>', 0.8)]",vol_ratio > 0.8,30,10,47.04062837745405,3.3452111533667,5.210679465542113,0.0,1.0,0.0,12,0.3982394230198452
"[('bb_position', '<', 0.5)]",bb_position < 0.5,30,10,19.32073542925883,2.7526537134380176,5.122910751191751,0.0,0.9090909090909091,0.0,11,0.327696870647383
"[('vol_ratio_5', '>', 1.0)]",vol_ratio_5 > 1.0,20,20,48.27763110034635,3.1959214298143173,5.1145048700667,0.0,0.9444444444444444,0.0,18,0.2536445579217712
"[('vol_ratio_5', '>', 1.0)]",vol_ratio_5 > 1.0,30,20,12.77928789284568,2.1210995411872973,5.095157938661842,0.0,0.9166666666666666,0.0,12,0.2525118501413449
"[('volatility', '>', 0.03)]",volatility > 0.03,30,10,48.95699647080384,3.3992398618973803,5.088973886633499,0.0,0.9166666666666666,0.0,12,0.4046714121306405
"[('vol_ratio', '>', 0.8), ('vol_ratio_5', '>', 1.0)]",vol_ratio > 0.8 AND vol_ratio_5 > 1.0,30,10,23.497570500248393,2.6691897147787134,5.057801478744094,0.0,0.9166666666666666,0.0,12,0.3177606803307992
"[('vol_ratio', '>', 0.8), ('vol_ratio', '>', 1.0)]",vol_ratio > 0.8 AND vol_ratio > 1.0,20,20,42.219061532877305,3.0779254201881265,5.004595298367006,0.0,0.9444444444444444,0.0,18,0.24427979525302593
"[('vol_ratio', '>', 1.0)]",vol_ratio > 1.0,20,20,42.219061532877305,3.0779254201881265,5.004595298367006,0.0,0.9444444444444444,0.0,18,0.24427979525302593
"[('vol_ratio', '>', 0.8)]",vol_ratio > 0.8,30,20,21.264627186646216,2.583371542906288,4.944030727115398,0.0,0.9166666666666666,0.0,12,0.3075442312983676
"[('bb_position', '<', 0.5)]",bb_position < 0.5,20,30,15.661872229494527,2.3650386835734163,4.904971509625042,0.0,0.9411764705882353,0.0,17,0.18770148282328702
"[('vol_ratio', '>', 0.8), ('vol_ratio_5', '>', 1.0)]",vol_ratio > 0.8 AND vol_ratio_5 > 1.0,20,20,41.79495133713119,3.0806608465252685,4.832580590203625,0.0,0.9444444444444444,0.0,18,0.24449689258137053
"[('bb_position', '<', 0.5)]",bb_position < 0.5,15,30,49.59272068026654,3.316960118588338,4.778321517525004,29.43873217808208,0.8695652173913043,-0.03908408260322116,23,0.19743810229692488
"[('vol_ratio', '>', 1.0)]",vol_ratio > 1.0,30,10,30.16393404660088,2.9293517752077176,4.750804541750122,0.0,0.9166666666666666,0.0,12,0.3487323541913949
"[('vol_ratio', '>', 0.8), ('vol_ratio', '>', 1.0)]",vol_ratio > 0.8 AND vol_ratio > 1.0,30,10,30.16393404660088,2.9293517752077176,4.750804541750122,0.0,0.9166666666666666,0.0,12,0.3487323541913949
"[('bb_position', '<', 0.5)]",bb_position < 0.5,30,20,10.011131809878236,2.1300734066649767,4.678990230890896,0.0,0.9090909090909091,0.0,11,0.25358016746011625
"[('vol_ratio_5', '>', 1.0)]",vol_ratio_5 > 1.0,30,30,8.278634112014984,1.7731986140896647,4.676937818534792,0.0,0.9166666666666666,0.0,12,0.21109507310591247
"[('vol_ratio', '>', 0.8)]",vol_ratio > 0.8,30,30,13.469467090530365,2.1822360550004074,4.672744647226751,0.0,0.9166666666666666,0.0,12,0.25979000654766754
"[('vol_ratio', '>', 0.8), ('vol_ratio_5', '>', 1.0)]",vol_ratio > 0.8 AND vol_ratio_5 > 1.0,30,20,11.15188473725927,2.0203494725047864,4.617960402389435,0.0,0.9166666666666666,0.0,12,0.2405177943458079
"[('vol_ratio_5', '>', 1.0)]",vol_ratio_5 > 1.0,20,30,25.66432109906606,2.655263119112323,4.581938239628901,0.0,0.9444444444444444,0.0,18,0.2107351681835177
"[('vol_ratio', '>', 0.8), ('volatility', '>', 0.03)]",vol_ratio > 0.8 AND volatility > 0.03,20,20,34.213944601681895,2.9284768940100205,4.526129779402279,0.0,0.9444444444444444,0.0,18,0.2324188011119064
"[('volatility', '>', 0.03)]",volatility > 0.03,30,20,20.376579973659975,2.5719554866724024,4.5046569492906565,0.0,0.9166666666666666,0.0,12,0.3061851769848098
"[('vol_ratio', '>', 0.8), ('vol_ratio', '>', 1.0)]",vol_ratio > 0.8 AND vol_ratio > 1.0,20,30,21.7243609270843,2.5173102167168224,4.41333312276193,0.0,0.9444444444444444,0.0,18,0.19978652513625575
"[('vol_ratio', '>', 1.0)]",vol_ratio > 1.0,20,30,21.7243609270843,2.5173102167168224,4.41333312276193,0.0,0.9444444444444444,0.0,18,0.19978652513625575
"[('vol_ratio', '>', 0.8), ('volatility', '>', 0.03)]",vol_ratio > 0.8 AND volatility > 0.03,15,30,45.71657140952486,3.133979416769277,4.375122037241803,0.0,0.9583333333333334,0.0,24,0.1865463938553141
"[('bb_position', '<', 0.5)]",bb_position < 0.5,30,30,6.789630479735109,1.7963783125743586,4.3025868154843385,0.0,0.9090909090909091,0.0,11,0.21385456102075698
"[('vol_ratio', '>', 0.8), ('vol_ratio_5', '>', 1.0)]",vol_ratio > 0.8 AND vol_ratio_5 > 1.0,20,30,21.88163339486148,2.532938940207017,4.28819120119263,0.0,0.9444444444444444,0.0,18,0.20102690001642992
"[('vol_ratio', '>', 0.8), ('vol_ratio', '>', 1.0)]",vol_ratio > 0.8 AND vol_ratio > 1.0,30,20,13.322932288925886,2.190986430146001,4.277832360193219,0.0,0.9166666666666666,0.0,12,0.2608317178745239
"[('vol_ratio', '>', 1.0)]",vol_ratio > 1.0,30,20,13.322932288925886,2.190986430146001,4.277832360193219,0.0,0.9166666666666666,0.0,12,0.2608317178745239
"[('vol_ratio', '>', 0.8), ('vol_ratio_5', '>', 1.0)]",vol_ratio > 0.8 AND vol_ratio_5 > 1.0,30,30,7.144983850897631,1.6708880969630575,4.191910144939846,0.0,0.9166666666666666,0.0,12,0.19891524963845922
"[('volatility', '>', 0.03)]",volatility > 0.03,30,30,12.265186100821932,2.1354159943702027,4.064251401905063,0.0,0.9166666666666666,0.0,12,0.2542161898059765
"[('vol_ratio', '>', 0.8), ('volatility', '>', 0.03)]",vol_ratio > 0.8 AND volatility > 0.03,30,10,26.306107634021252,2.8578135296801532,3.9681839549396734,0.0,0.9166666666666666,0.0,12,0.34021589639049443
"[('vol_ratio', '>', 0.8), ('volatility', '>', 0.03)]",vol_ratio > 0.8 AND volatility > 0.03,20,30,16.41189704068125,2.324810873505055,3.8560349019724196,0.0,0.9444444444444444,0.0,18,0.1845087994845282
"[('vol_ratio', '>', 0.8), ('vol_ratio', '>', 1.0)]",vol_ratio > 0.8 AND vol_ratio > 1.0,30,30,8.193617726209725,1.7972023303892815,3.827052563464841,0.0,0.9166666666666666,0.0,12,0.21395265837967636
"[('vol_ratio', '>', 1.0)]",vol_ratio > 1.0,30,30,8.193617726209725,1.7972023303892815,3.827052563464841,0.0,0.9166666666666666,0.0,12,0.21395265837967636
"[('vol_ratio', '>', 0.8), ('volatility', '>', 0.03)]",vol_ratio > 0.8 AND volatility > 0.03,30,20,10.221010188933285,2.029982014683487,3.2919580608215524,0.0,0.9166666666666666,0.0,12,0.24166452555755794
"[('vol_ratio', '>', 0.8), ('volatility', '>', 0.03)]",vol_ratio > 0.8 AND volatility > 0.03,30,30,5.66814965182278,1.5793876545670373,2.761387860037546,0.0,0.9166666666666666,0.0,12,0.1880223398294092
