conditions,cond_str,rebalance_days,top_n,val_annual,val_sharpe,val_win,val_dd,test_annual,test_sharpe,test_win,test_dd,robustness,final_score
"[('vol_ratio', '>', 0.8)]",vol_ratio > 0.8,5,10,21.372693936112736,11.705958470752769,1.0,0.0,31.66353294550312,17.26254489116995,1.0,0.0,1.4814947072255733,14.494433450727312
"[('volatility', '>', 0.03)]",volatility > 0.03,5,10,21.535186532474885,11.21143057594554,0.9722222222222222,-0.02195580061574831,29.55322795073348,32.6275184889653,1.0,0.0,1.3723228218231336,14.405487003385732
"[('vol_ratio_5', '>', 1.0)]",vol_ratio_5 > 1.0,5,10,18.35978973814649,10.932212988340297,1.0,0.0,25.85207093125085,15.300313944484165,1.0,0.0,1.4080809911203669,12.741174963799407
"[('vol_ratio', '>', 0.8), ('vol_ratio', '>', 1.0)]",vol_ratio > 0.8 AND vol_ratio > 1.0,5,10,18.521455280343705,10.618777536855845,0.9861111111111112,0.0,27.1670239537838,13.577170688557374,1.0,0.0,1.4667866829349738,12.7397182378156
"[('vol_ratio', '>', 1.0)]",vol_ratio > 1.0,5,10,18.521455280343705,10.618777536855845,0.9861111111111112,0.0,27.1670239537838,13.577170688557374,1.0,0.0,1.4667866829349738,12.7397182378156
"[('vol_ratio', '>', 0.8), ('vol_ratio_5', '>', 1.0)]",vol_ratio > 0.8 AND vol_ratio_5 > 1.0,5,10,17.79095735358089,10.7384697151952,0.9861111111111112,0.0,25.236321887332764,14.49295066392655,1.0,0.0,1.4184915058690364,12.400717892522811
"[('vol_ratio', '>', 0.8), ('volatility', '>', 0.03)]",vol_ratio > 0.8 AND volatility > 0.03,5,10,17.525024427098867,10.169069237069724,0.9583333333333334,-0.0602332093718605,24.585353405657386,23.036008175080212,1.0,0.0,1.402871277465449,12.09380724016344
"[('vol_ratio', '>', 0.8)]",vol_ratio > 0.8,5,20,16.63900286158766,11.020752062224323,0.9861111111111112,0.0,24.318540608559662,17.57061595014371,1.0,0.0,1.4615383392174761,11.918034717304621
"[('bb_position', '<', 0.5)]",bb_position < 0.5,5,10,17.387999892289525,9.25064129010632,0.971830985915493,-0.02732096254296479,21.817923116601175,19.50890710666844,1.0,0.0,1.25476899308448,11.720146131793554
"[('volatility', '>', 0.03)]",volatility > 0.03,5,20,16.349795597325933,10.31513065897659,0.9583333333333334,-0.1460232470256254,22.895706131668284,29.522292018691715,1.0,0.0,1.4003665058303822,11.549510297522021
"[('vol_ratio', '>', 0.8)]",vol_ratio > 0.8,5,30,14.159926909989771,10.223450735492777,0.9861111111111112,0.0,20.527585493918927,16.73703913071021,1.0,0.0,1.449695724025016,10.436937820447723
"[('vol_ratio_5', '>', 1.0)]",vol_ratio_5 > 1.0,5,20,13.934102102571341,10.172225759334761,0.9861111111111112,0.0,19.65964465172474,15.913264459358823,1.0,0.0,1.4109014349835165,10.300899066082803
"[('vol_ratio', '>', 1.0)]",vol_ratio > 1.0,5,20,14.019065675310456,9.65465162351761,0.9861111111111112,0.0,20.51769456038441,13.633833621582488,0.9722222222222222,-0.012320823186392937,1.4635564905383782,10.198639622818186
"[('vol_ratio', '>', 0.8), ('vol_ratio', '>', 1.0)]",vol_ratio > 0.8 AND vol_ratio > 1.0,5,20,14.019065675310456,9.65465162351761,0.9861111111111112,0.0,20.51769456038441,13.633833621582488,0.9722222222222222,-0.012320823186392937,1.4635564905383782,10.198639622818186
"[('volatility', '>', 0.03)]",volatility > 0.03,5,30,13.610347854223443,9.437160437500989,0.9583333333333334,-0.22930617560415667,19.1973945037347,26.460776857970455,1.0,0.0,1.4104999158987352,9.918422041541767
"[('vol_ratio', '>', 0.8), ('vol_ratio_5', '>', 1.0)]",vol_ratio > 0.8 AND vol_ratio_5 > 1.0,5,20,13.369108444172914,9.792529531941229,0.9861111111111112,0.0,19.01772660395745,14.727449992791861,1.0,0.0,1.422512704072391,9.906815622483302
"[('bb_position', '<', 0.5)]",bb_position < 0.5,5,20,13.763779530995752,8.505802717677227,0.9295774647887324,-0.03768652738385436,16.77688279160424,17.27492145174512,1.0,0.0,1.2189153970261615,9.677413660206277
"[('vol_ratio', '>', 0.8), ('volatility', '>', 0.03)]",vol_ratio > 0.8 AND volatility > 0.03,5,20,12.727148655194298,8.647465687440068,0.9444444444444444,-0.21441685827246093,18.278502797369676,19.301794903899097,1.0,0.0,1.4361820775865393,9.245050449346477
"[('vol_ratio_5', '>', 1.0)]",vol_ratio_5 > 1.0,5,30,11.598600726772492,9.274777742028162,0.9722222222222222,-0.003511871317651627,16.43636263843782,15.205181892514938,1.0,0.0,1.417098754033196,8.865153436801334
"[('vol_ratio', '>', 1.0)]",vol_ratio > 1.0,5,30,11.572326135681967,8.660348099948012,0.9722222222222222,-0.011653397578007318,17.079412415958423,12.872121253749206,0.9722222222222222,-0.04432740740101204,1.4758841235294928,8.679444322531285
"[('vol_ratio', '>', 0.8), ('vol_ratio', '>', 1.0)]",vol_ratio > 0.8 AND vol_ratio > 1.0,5,30,11.572326135681967,8.660348099948012,0.9722222222222222,-0.011653397578007318,17.079412415958423,12.872121253749206,0.9722222222222222,-0.04432740740101204,1.4758841235294928,8.679444322531285
"[('bb_position', '<', 0.5)]",bb_position < 0.5,5,30,11.747223670994408,7.849173616669212,0.9295774647887324,-0.0924691094433947,13.955533358022812,15.239338865156448,0.9722222222222222,-0.010099428434613866,1.1879856678375027,8.465961054065469
"[('vol_ratio', '>', 0.8), ('vol_ratio_5', '>', 1.0)]",vol_ratio > 0.8 AND vol_ratio_5 > 1.0,5,30,11.028639307364037,8.810112143683748,0.9722222222222222,-0.00841235782804528,15.76289123108935,13.859677721322234,1.0,0.0,1.4292689054182923,8.4432070778708
"[('vol_ratio', '>', 0.8)]",vol_ratio > 0.8,10,10,10.483281183592544,8.393372531467364,1.0,0.0,16.0366167439577,11.492883369763836,1.0,0.0,1.5297325773400718,8.059652351236481
"[('volatility', '>', 0.03)]",volatility > 0.03,10,10,10.432907050763967,8.279947473871882,0.9722222222222222,0.0,14.804960402557946,24.45376223063738,1.0,0.0,1.4190637691412986,7.984250521371807
"[('vol_ratio', '>', 0.8), ('volatility', '>', 0.03)]",vol_ratio > 0.8 AND volatility > 0.03,5,30,10.091988799404895,7.397414524639152,0.9027777777777778,-0.29690153578348555,14.700272570248707,16.50922244692409,1.0,0.0,1.4566279117467464,7.556544339443542
"[('vol_ratio', '>', 0.8), ('vol_ratio', '>', 1.0)]",vol_ratio > 0.8 AND vol_ratio > 1.0,10,10,8.891353037668472,8.012849375213182,0.9722222222222222,0.0,13.789158906978153,8.890705679606349,1.0,0.0,1.5508504553311502,7.14953133139819
"[('vol_ratio', '>', 1.0)]",vol_ratio > 1.0,10,10,8.891353037668472,8.012849375213182,0.9722222222222222,0.0,13.789158906978153,8.890705679606349,1.0,0.0,1.5508504553311502,7.14953133139819
"[('vol_ratio_5', '>', 1.0)]",vol_ratio_5 > 1.0,10,10,9.056405268926694,7.5258683532026485,1.0,0.0,13.427535613189043,9.336013647279659,1.0,0.0,1.4826562211454994,7.082494384653241
"[('vol_ratio', '>', 0.8), ('vol_ratio_5', '>', 1.0)]",vol_ratio > 0.8 AND vol_ratio_5 > 1.0,10,10,8.862522888322378,7.305048229839882,0.9722222222222222,0.0,13.126283144181565,8.970811046274326,1.0,0.0,1.481100055772752,6.918995924267704
"[('vol_ratio', '>', 0.8), ('volatility', '>', 0.03)]",vol_ratio > 0.8 AND volatility > 0.03,10,10,8.716016153899963,7.19109765927941,0.9444444444444444,-0.01594767428774213,12.052856636366178,17.94579771209192,1.0,0.0,1.3828400984517626,6.791905394424156
"[('vol_ratio', '>', 0.8)]",vol_ratio > 0.8,10,20,8.128782615923118,8.044035298975977,0.9722222222222222,0.0,12.149926191946232,12.725647768273099,1.0,0.0,1.4946796791128687,6.776537833476926
"[('volatility', '>', 0.03)]",volatility > 0.03,10,20,7.914886307933487,7.688069766764746,0.9444444444444444,-0.03546763781114359,11.359560970330367,23.193020568757095,1.0,0.0,1.4352146737653213,6.550907018749231
"[('bb_position', '<', 0.5)]",bb_position < 0.5,10,10,8.540565411044398,6.4717281118034276,0.9714285714285714,0.0,10.401385015880122,13.295334747863512,1.0,0.0,1.2178801420371266,6.455377167470653
"[('vol_ratio', '>', 0.8)]",vol_ratio > 0.8,10,30,6.901620157050665,7.567189819488546,0.9722222222222222,0.0,10.222680776597693,12.638698810955072,1.0,0.0,1.4812001448897831,6.017207053349853
"[('vol_ratio', '>', 0.8)]",vol_ratio > 0.8,15,10,6.517723452166711,7.674820573120377,1.0,0.0,12.11367177786995,8.744104489186713,1.0,0.0,1.8585740660480088,5.861307898019469
"[('vol_ratio_5', '>', 1.0)]",vol_ratio_5 > 1.0,10,20,6.911391989825784,6.9814047963274,0.9722222222222222,0.0,10.08637867657645,10.454057094065337,1.0,0.0,1.4593845482103378,5.841994343453179
"[('vol_ratio', '>', 1.0)]",vol_ratio > 1.0,10,20,6.707120178975554,7.2317781439742115,0.9722222222222222,0.0,10.328464487522472,9.677161779204853,1.0,0.0,1.5399253646741786,5.82309353268004
"[('vol_ratio', '>', 0.8), ('vol_ratio', '>', 1.0)]",vol_ratio > 0.8 AND vol_ratio > 1.0,10,20,6.707120178975554,7.2317781439742115,0.9722222222222222,0.0,10.328464487522472,9.677161779204853,1.0,0.0,1.5399253646741786,5.82309353268004
"[('volatility', '>', 0.03)]",volatility > 0.03,15,10,6.718104460153284,7.190105427928746,0.9583333333333334,0.0,9.86610375985157,20.21973116039855,1.0,0.0,1.4685844524106224,5.80980074893739
"[('volatility', '>', 0.03)]",volatility > 0.03,10,30,6.589753726499836,7.0389120789147706,0.9444444444444444,-0.07388237123715435,9.50816119499844,21.392588232725323,1.0,0.0,1.4428704910113117,5.695124585126611
"[('vol_ratio', '>', 0.8), ('vol_ratio_5', '>', 1.0)]",vol_ratio > 0.8 AND vol_ratio_5 > 1.0,10,20,6.6684658992674635,6.697314028980969,0.9722222222222222,0.0,9.816808816035472,9.944003530862684,1.0,0.0,1.472124018376379,5.637851962003299
"[('vol_ratio_5', '>', 1.0)]",vol_ratio_5 > 1.0,15,10,5.588673596669501,8.125934750884142,1.0,0.0,9.878344297191063,7.427429973375069,1.0,0.0,1.7675650807515286,5.532117223599992
"[('bb_position', '<', 0.5)]",bb_position < 0.5,10,20,6.714079475061311,6.012058084543568,0.9428571428571428,-0.03032455428718206,7.938176610191368,11.809862953994093,1.0,0.0,1.1823179394400718,5.39712075078174
"[('vol_ratio', '>', 0.8), ('vol_ratio_5', '>', 1.0)]",vol_ratio > 0.8 AND vol_ratio_5 > 1.0,15,10,5.416812839098886,7.681662329950377,0.9583333333333334,0.0,9.734418017458626,7.175750268333216,1.0,0.0,1.797074831014098,5.312905118534556
"[('vol_ratio', '>', 0.8), ('volatility', '>', 0.03)]",vol_ratio > 0.8 AND volatility > 0.03,10,20,6.235984967369508,6.223190902401444,0.9444444444444444,-0.08440524640051084,8.907812641196228,16.075055918620816,1.0,0.0,1.42845319349026,5.270640393103239
"[('vol_ratio', '>', 0.8), ('vol_ratio', '>', 1.0)]",vol_ratio > 0.8 AND vol_ratio > 1.0,15,10,5.601400204185344,7.148321133374235,0.9583333333333334,0.0,11.08689137580477,7.867334265328524,1.0,0.0,1.9793071324417577,5.245196442104942
"[('vol_ratio', '>', 1.0)]",vol_ratio > 1.0,15,10,5.601400204185344,7.148321133374235,0.9583333333333334,0.0,11.08689137580477,7.867334265328524,1.0,0.0,1.9793071324417577,5.245196442104942
"[('vol_ratio_5', '>', 1.0)]",vol_ratio_5 > 1.0,10,30,5.7647343969792715,6.391564666440478,0.9722222222222222,0.0,8.432691120604145,10.539269825231582,1.0,0.0,1.4628065301712576,5.09239790445603
"[('vol_ratio', '>', 0.8), ('vol_ratio', '>', 1.0)]",vol_ratio > 0.8 AND vol_ratio > 1.0,10,30,5.531181378410477,6.442531841969117,0.9722222222222222,0.0,8.565542944689515,9.512587434848424,1.0,0.0,1.5485919478473218,4.998350241795974
"[('vol_ratio', '>', 1.0)]",vol_ratio > 1.0,10,30,5.531181378410477,6.442531841969117,0.9722222222222222,0.0,8.565542944689515,9.512587434848424,1.0,0.0,1.5485919478473218,4.998350241795974
"[('vol_ratio', '>', 0.8), ('volatility', '>', 0.03)]",vol_ratio > 0.8 AND volatility > 0.03,15,10,5.530374120025299,6.305021847715085,0.9583333333333334,0.0,8.725863112602473,14.470218220236122,1.0,0.0,1.5778070205063373,4.9566936143271745
"[('vol_ratio', '>', 0.8)]",vol_ratio > 0.8,15,20,5.112143015006427,6.965967807199662,0.9583333333333334,0.0,9.033818421380483,9.681105345003191,1.0,0.0,1.7671294396229105,4.945861849663111
"[('vol_ratio', '>', 0.8), ('vol_ratio_5', '>', 1.0)]",vol_ratio > 0.8 AND vol_ratio_5 > 1.0,10,30,5.507370549226392,6.068118375470179,0.9722222222222222,0.0,8.145175276174301,9.87245726739893,1.0,0.0,1.4789590065477682,4.869912588563803
"[('volatility', '>', 0.03)]",volatility > 0.03,15,20,5.105922728669971,6.403511670817334,0.9583333333333334,0.0,7.743103452706974,18.14248459713781,1.0,0.0,1.5164944446239113,4.7740148655801855
"[('bb_position', '<', 0.5)]",bb_position < 0.5,10,30,5.712655360401728,5.570965618026989,0.9428571428571428,-0.055556397676083,6.554481329209269,10.385517905847005,0.9444444444444444,-0.010099428434613866,1.147361588560515,4.757089683321063
"[('vol_ratio', '>', 0.8)]",vol_ratio > 0.8,20,10,4.8442231520167836,6.544127830424682,1.0,0.0,9.205703642496985,7.600329789853413,1.0,0.0,1.9003467333383264,4.685349925135796
"[('bb_position', '<', 0.5)]",bb_position < 0.5,15,10,5.134067204954703,5.962552836218801,0.9565217391304348,0.0,7.4796046011447554,16.304494034099495,1.0,0.0,1.4568575561158332,4.6471709645661585
"[('volatility', '>', 0.03)]",volatility > 0.03,20,10,4.694948404106499,6.531644160367713,0.9444444444444444,0.0,7.217498217162554,13.738504115215878,1.0,0.0,1.5372902098028753,4.606967450163563
"[('vol_ratio_5', '>', 1.0)]",vol_ratio_5 > 1.0,15,20,4.2804452561990765,7.209264901318193,0.9583333333333334,0.0,7.333176361709695,8.44645047153782,1.0,0.0,1.7131807377023585,4.603002098494996
"[('vol_ratio', '>', 0.8)]",vol_ratio > 0.8,15,30,4.341411725829679,6.415719261978673,0.9583333333333334,0.0,7.551812592213506,9.569588223324256,1.0,0.0,1.739483161037967,4.395421641508441
"[('vol_ratio', '>', 0.8), ('vol_ratio_5', '>', 1.0)]",vol_ratio > 0.8 AND vol_ratio_5 > 1.0,15,20,4.108288111331262,6.733631947135666,0.9583333333333334,0.0,7.185783089745383,8.027056395338384,1.0,0.0,1.7490942443705293,4.374233639806331
"[('vol_ratio', '>', 0.8), ('volatility', '>', 0.03)]",vol_ratio > 0.8 AND volatility > 0.03,10,30,4.916134684444382,5.35449610547135,0.8888888888888888,-0.12519909606683477,7.16710308279016,14.37819010962467,1.0,0.0,1.4578736228420033,4.355990898431997
"[('vol_ratio', '>', 1.0)]",vol_ratio > 1.0,15,20,4.265832147316912,6.264967592588254,0.9583333333333334,0.0,8.082723235528269,8.348363738672932,1.0,0.0,1.894758855106869,4.312406351434932
"[('vol_ratio', '>', 0.8), ('vol_ratio', '>', 1.0)]",vol_ratio > 0.8 AND vol_ratio > 1.0,15,20,4.265832147316912,6.264967592588254,0.9583333333333334,0.0,8.082723235528269,8.348363738672932,1.0,0.0,1.894758855106869,4.312406351434932
"[('volatility', '>', 0.03)]",volatility > 0.03,15,30,4.222448792401235,5.795176447016791,0.9583333333333334,0.0,6.523787236455101,16.63845539324335,1.0,0.0,1.545024595252731,4.149777330305655
"[('vol_ratio_5', '>', 1.0)]",vol_ratio_5 > 1.0,20,10,4.213080542833784,5.76622716128223,1.0,0.0,7.567285291816556,5.94468746494421,1.0,0.0,1.7961406659286607,4.136408419801561
"[('vol_ratio', '>', 1.0)]",vol_ratio > 1.0,20,10,4.11670606943796,5.648797925696612,0.9444444444444444,0.0,7.885161756738644,5.753272009909287,1.0,0.0,1.9154055751702426,4.0529924124279635
"[('vol_ratio', '>', 0.8), ('vol_ratio', '>', 1.0)]",vol_ratio > 0.8 AND vol_ratio > 1.0,20,10,4.11670606943796,5.648797925696612,0.9444444444444444,0.0,7.885161756738644,5.753272009909287,1.0,0.0,1.9154055751702426,4.0529924124279635
"[('vol_ratio_5', '>', 1.0)]",vol_ratio_5 > 1.0,15,30,3.561142590821469,6.4987068014417755,0.9583333333333334,0.0,6.045190984889169,8.539197780720775,1.0,0.0,1.6975425248261937,4.030183335843267
"[('vol_ratio', '>', 0.8)]",vol_ratio > 0.8,20,20,3.7430152819178604,6.144484388050749,0.9444444444444444,0.0,6.864290071187865,8.872001422551207,1.0,0.0,1.8338931460816035,4.0148529573741545
"[('vol_ratio', '>', 0.8), ('vol_ratio_5', '>', 1.0)]",vol_ratio > 0.8 AND vol_ratio_5 > 1.0,20,10,4.109351967292515,5.508011429145877,0.9444444444444444,0.0,7.50028989648883,5.844964348914108,1.0,0.0,1.8251758321471954,4.00707941239002
"[('vol_ratio', '>', 0.8), ('volatility', '>', 0.03)]",vol_ratio > 0.8 AND volatility > 0.03,20,10,4.053262083582114,5.4464604594204955,0.9444444444444444,0.0,6.54882792966013,11.646899353560038,1.0,0.0,1.6156931860356125,3.960569179617205
"[('bb_position', '<', 0.5)]",bb_position < 0.5,20,10,3.523177523353041,6.4254909827145354,0.9411764705882353,0.0,4.331015751145292,10.42346894963882,1.0,0.0,1.2292925129198211,3.9350945590748454
"[('volatility', '>', 0.03)]",volatility > 0.03,20,20,3.6246131852422536,5.85359663274869,0.9444444444444444,0.0,5.54273761770595,12.978493368684587,1.0,0.0,1.5291942434777346,3.8683855824457334
"[('vol_ratio', '>', 0.8), ('volatility', '>', 0.03)]",vol_ratio > 0.8 AND volatility > 0.03,15,20,4.003399254424533,5.213538259374325,0.9583333333333334,0.0,6.511440968886898,12.119687112717305,1.0,0.0,1.6264780390540594,3.865761105024564
"[('bb_position', '<', 0.5)]",bb_position < 0.5,15,20,3.9596247962146474,5.256016264535302,0.8695652173913043,-0.02333268419994816,5.734705499793563,14.51341972505173,1.0,0.0,1.4482951781885676,3.8462763131056277
"[('vol_ratio', '>', 0.8), ('vol_ratio_5', '>', 1.0)]",vol_ratio > 0.8 AND vol_ratio_5 > 1.0,15,30,3.389966925885138,6.020995466216745,0.9583333333333334,0.0,5.882100961776326,7.951556405639397,1.0,0.0,1.7351499558481616,3.8012821028075923
"[('vol_ratio', '>', 0.8), ('vol_ratio', '>', 1.0)]",vol_ratio > 0.8 AND vol_ratio > 1.0,15,30,3.5069312434024034,5.552216959146645,0.9583333333333334,0.0,6.646275199193573,8.00155431393594,1.0,0.0,1.89518263629982,3.719130709445195
"[('vol_ratio', '>', 1.0)]",vol_ratio > 1.0,15,30,3.5069312434024034,5.552216959146645,0.9583333333333334,0.0,6.646275199193573,8.00155431393594,1.0,0.0,1.89518263629982,3.719130709445195
"[('vol_ratio', '>', 0.8)]",vol_ratio > 0.8,20,30,3.167160712531572,5.716027968709898,0.9444444444444444,0.0,5.7377936126800275,9.034597128699566,1.0,0.0,1.8116521810772588,3.598388746878755
"[('vol_ratio', '>', 0.8)]",vol_ratio > 0.8,30,10,3.3452111533667,5.210679465542113,1.0,0.0,6.1084195721883745,5.15859820443999,1.0,0.0,1.8260191336623746,3.535809416345984
"[('volatility', '>', 0.03)]",volatility > 0.03,30,10,3.3992398618973803,5.088973886633499,0.9166666666666666,0.0,4.9705168026908435,12.691163723860715,1.0,0.0,1.462243620524152,3.5187608210435704
"[('vol_ratio_5', '>', 1.0)]",vol_ratio_5 > 1.0,20,20,3.1959214298143173,5.1145048700667,0.9444444444444444,0.0,5.622354929253194,7.105107359950325,1.0,0.0,1.7592281452237868,3.4323121759271684
"[('volatility', '>', 0.03)]",volatility > 0.03,20,30,3.0361217978393897,5.263666358756605,0.9444444444444444,0.0,4.615037638391486,12.048441844776553,1.0,0.0,1.520043643069823,3.397160806546676
"[('bb_position', '<', 0.5)]",bb_position < 0.5,15,30,3.316960118588338,4.778321517525004,0.8695652173913043,-0.03908408260322116,4.800227950338169,13.073454282939052,1.0,0.0,1.447176866383637,3.381411887828398
"[('vol_ratio', '>', 1.0)]",vol_ratio > 1.0,20,20,3.0779254201881265,5.004595298367006,0.9444444444444444,0.0,5.857248855906261,6.6501305751909285,1.0,0.0,1.9029859584928666,3.340341299604165
"[('vol_ratio', '>', 0.8), ('vol_ratio', '>', 1.0)]",vol_ratio > 0.8 AND vol_ratio > 1.0,20,20,3.0779254201881265,5.004595298367006,0.9444444444444444,0.0,5.857248855906261,6.6501305751909285,1.0,0.0,1.9029859584928666,3.340341299604165
"[('vol_ratio_5', '>', 1.0)]",vol_ratio_5 > 1.0,30,10,2.7571680134121848,5.4649867011752935,1.0,0.0,5.3276067854067986,4.411113672353111,1.0,0.0,1.9322749863232018,3.31808001705868
"[('bb_position', '<', 0.5)]",bb_position < 0.5,20,20,2.7843802895123733,5.600659666143512,0.9411764705882353,0.0,3.305305991231901,8.479897848327356,1.0,0.0,1.1870885610279756,3.309805756804835
"[('vol_ratio', '>', 0.8), ('vol_ratio_5', '>', 1.0)]",vol_ratio > 0.8 AND vol_ratio_5 > 1.0,20,20,3.0806608465252685,4.832580590203625,0.9444444444444444,0.0,5.541339053810264,6.880527116508957,1.0,0.0,1.7987501155995271,3.2901046003237218
"[('vol_ratio', '>', 1.0)]",vol_ratio > 1.0,30,10,2.9293517752077176,4.750804541750122,0.9166666666666666,0.0,5.913985946338931,4.974616705594599,1.0,0.0,2.0188718870814264,3.189917250128895
"[('vol_ratio', '>', 0.8), ('vol_ratio', '>', 1.0)]",vol_ratio > 0.8 AND vol_ratio > 1.0,30,10,2.9293517752077176,4.750804541750122,0.9166666666666666,0.0,5.913985946338931,4.974616705594599,1.0,0.0,2.0188718870814264,3.189917250128895
"[('vol_ratio', '>', 0.8), ('volatility', '>', 0.03)]",vol_ratio > 0.8 AND volatility > 0.03,15,30,3.133979416769277,4.375122037241803,0.9583333333333334,0.0,5.231167921946833,10.49705267084242,1.0,0.0,1.6691774980894682,3.179526319557179
"[('bb_position', '<', 0.5)]",bb_position < 0.5,30,10,2.7526537134380176,5.122910751191751,0.9090909090909091,0.0,3.5846168595598926,14.653094283224725,1.0,0.0,1.3022403951722525,3.173648161110984
"[('vol_ratio', '>', 0.8), ('vol_ratio_5', '>', 1.0)]",vol_ratio > 0.8 AND vol_ratio_5 > 1.0,30,10,2.6691897147787134,5.057801478744094,0.9166666666666666,0.0,5.196093282167752,4.186239388375561,1.0,0.0,1.946693130652397,3.1519353010125846
"[('vol_ratio', '>', 0.8), ('volatility', '>', 0.03)]",vol_ratio > 0.8 AND volatility > 0.03,20,20,2.9284768940100205,4.526129779402279,0.9444444444444444,0.0,4.915446205119082,10.886704463137292,1.0,0.0,1.6784992277635031,3.1220773808256936
"[('vol_ratio', '>', 0.8)]",vol_ratio > 0.8,30,20,2.583371542906288,4.944030727115398,0.9166666666666666,0.0,4.478391730942693,5.851385871396165,1.0,0.0,1.7335453520961648,3.0748949895877633
"[('vol_ratio_5', '>', 1.0)]",vol_ratio_5 > 1.0,20,30,2.655263119112323,4.581938239628901,0.9444444444444444,0.0,4.688145500542323,7.5047377512617,1.0,0.0,1.765604872374987,3.002213031444832
"[('volatility', '>', 0.03)]",volatility > 0.03,30,20,2.5719554866724024,4.5046569492906565,0.9166666666666666,0.0,3.9476553045396723,11.626966132602847,1.0,0.0,1.5348847695832992,2.9373748281233985
"[('vol_ratio', '>', 0.8), ('volatility', '>', 0.03)]",vol_ratio > 0.8 AND volatility > 0.03,30,10,2.8578135296801532,3.9681839549396734,0.9166666666666666,0.0,4.250865430481219,8.86275826203442,1.0,0.0,1.487453742636937,2.916852699849366
"[('vol_ratio_5', '>', 1.0)]",vol_ratio_5 > 1.0,30,20,2.1210995411872973,5.095157938661842,0.9166666666666666,0.0,3.8934306713915787,5.2061547782889965,1.0,0.0,1.8355718794848304,2.8890971521922015
"[('vol_ratio', '>', 0.8), ('vol_ratio', '>', 1.0)]",vol_ratio > 0.8 AND vol_ratio > 1.0,20,30,2.5173102167168224,4.41333312276193,0.9444444444444444,0.0,4.870428061611909,6.8142294902889,1.0,0.0,1.9347746770615017,2.88265504518699
"[('vol_ratio', '>', 1.0)]",vol_ratio > 1.0,20,30,2.5173102167168224,4.41333312276193,0.9444444444444444,0.0,4.870428061611909,6.8142294902889,1.0,0.0,1.9347746770615017,2.88265504518699
"[('bb_position', '<', 0.5)]",bb_position < 0.5,20,30,2.3650386835734163,4.904971509625042,0.9411764705882353,0.0,2.7022664587628005,7.216746786692918,1.0,0.0,1.1425886931709106,2.8825285333084034
"[('vol_ratio', '>', 0.8), ('vol_ratio_5', '>', 1.0)]",vol_ratio > 0.8 AND vol_ratio_5 > 1.0,20,30,2.532938940207017,4.28819120119263,0.9444444444444444,0.0,4.591741643681598,7.138533949155971,1.0,0.0,1.8128118174480412,2.852926830461297
"[('vol_ratio', '>', 0.8)]",vol_ratio > 0.8,30,30,2.1822360550004074,4.672744647226751,0.9166666666666666,0.0,3.7443758446258006,5.948742912102156,1.0,0.0,1.7158436348102137,2.792941421668229
"[('bb_position', '<', 0.5)]",bb_position < 0.5,30,20,2.1300734066649767,4.678990230890896,0.9090909090909091,0.0,2.8642750644888704,12.13172093695808,1.0,0.0,1.3446837350894034,2.7376705196176374
"[('vol_ratio', '>', 0.8), ('vol_ratio_5', '>', 1.0)]",vol_ratio > 0.8 AND vol_ratio_5 > 1.0,30,20,2.0203494725047864,4.617960402389435,0.9166666666666666,0.0,3.7922889780417894,4.8790731944638095,1.0,0.0,1.877046040623947,2.6955628569692234
"[('vol_ratio', '>', 0.8), ('vol_ratio', '>', 1.0)]",vol_ratio > 0.8 AND vol_ratio > 1.0,30,20,2.190986430146001,4.277832360193219,0.9166666666666666,0.0,4.208578737596736,5.430698014656933,1.0,0.0,1.9208602480099741,2.678842923130966
"[('vol_ratio', '>', 1.0)]",vol_ratio > 1.0,30,20,2.190986430146001,4.277832360193219,0.9166666666666666,0.0,4.208578737596736,5.430698014656933,1.0,0.0,1.9208602480099741,2.678842923130966
"[('vol_ratio', '>', 0.8), ('volatility', '>', 0.03)]",vol_ratio > 0.8 AND volatility > 0.03,20,30,2.324810873505055,3.8560349019724196,0.9444444444444444,0.0,3.9978548988102816,10.035313481174029,1.0,0.0,1.7196473676083692,2.6192159073442536
"[('vol_ratio_5', '>', 1.0)]",vol_ratio_5 > 1.0,30,30,1.7731986140896647,4.676937818534792,0.9166666666666666,0.0,3.2236058993676244,5.464786171336985,1.0,0.0,1.817960985167236,2.58968065260527
"[('volatility', '>', 0.03)]",volatility > 0.03,30,30,2.1354159943702027,4.064251401905063,0.9166666666666666,0.0,3.3429425924308447,10.817451365910822,1.0,0.0,1.565476048341006,2.5869834177566204
"[('bb_position', '<', 0.5)]",bb_position < 0.5,30,30,1.7963783125743586,4.3025868154843385,0.9090909090909091,0.0,2.4364541108332545,11.46489165985935,1.0,0.0,1.3563145879564835,2.4602281185237778
"[('vol_ratio', '>', 0.8), ('vol_ratio_5', '>', 1.0)]",vol_ratio > 0.8 AND vol_ratio_5 > 1.0,30,30,1.6708880969630575,4.191910144939846,0.9166666666666666,0.0,3.118630435047048,5.01170870590981,1.0,0.0,1.8664508058411284,2.3930170919634826
"[('vol_ratio', '>', 0.8), ('vol_ratio', '>', 1.0)]",vol_ratio > 0.8 AND vol_ratio > 1.0,30,30,1.7972023303892815,3.827052563464841,0.9166666666666666,0.0,3.4206104205525985,5.290842187638466,1.0,0.0,1.9032973431609563,2.3467169342340934
"[('vol_ratio', '>', 1.0)]",vol_ratio > 1.0,30,30,1.7972023303892815,3.827052563464841,0.9166666666666666,0.0,3.4206104205525985,5.290842187638466,1.0,0.0,1.9032973431609563,2.3467169342340934
"[('vol_ratio', '>', 0.8), ('volatility', '>', 0.03)]",vol_ratio > 0.8 AND volatility > 0.03,30,20,2.029982014683487,3.2919580608215524,0.9166666666666666,0.0,3.1972062941767594,7.730244307472274,1.0,0.0,1.5749924240955726,2.3025784255882087
"[('vol_ratio', '>', 0.8), ('volatility', '>', 0.03)]",vol_ratio > 0.8 AND volatility > 0.03,30,30,1.5793876545670373,2.761387860037546,0.9166666666666666,0.0,2.5799847217974463,6.869900520858612,1.0,0.0,1.6335348160643346,1.9181101852947824
